{"Pclass": -0.8543498869674329, "Sex": -2.493885507367921, "Age": -0.02981449941603724, "SibSp": -0.285694684224203, "Parch": -0.06166006978597473, "Fare": 0.003994164388087986, "Embarked": -0.13706706623285053, "Intercept": 4.09561972588149}